2025-04-22T03:43:16Z,200
2025-04-22T03:44:03Z,200
2025-04-22T03:57:58Z,200
2025-04-22T03:58:36Z,200
2025-04-22T04:30:30Z,200
2025-04-22T04:32:00Z,200
2025-04-22T04:48:20Z,000Curl failed
2025-04-22T04:50:24Z,200
2025-04-22T04:58:47Z,200
2025-04-22T05:14:21Z,000Curl failed
2025-04-22T05:26:12Z,200
2025-04-22T05:37:59Z,200
2025-04-22T05:42:26Z,200
2025-04-22T05:51:07Z,200
2025-04-22T05:53:14Z,200
2025-04-22T06:21:30Z,200
2025-04-22T06:22:12Z,200
2025-04-22T06:45:48Z,000Curl failed
2025-04-22T06:47:55Z,200
2025-04-22T06:56:29Z,200
2025-04-22T07:09:10Z,200
2025-04-22T07:22:17Z,200
2025-04-22T07:30:18Z,200
2025-04-22T07:36:36Z,200
2025-04-22T07:43:09Z,200
2025-04-22T07:47:27Z,200
2025-04-22T07:55:58Z,200
2025-04-22T07:58:16Z,200
2025-04-22T08:33:43Z,200
2025-04-22T08:51:42Z,000Curl failed
2025-04-22T08:52:36Z,200
2025-04-22T09:12:48Z,000Curl failed
2025-04-22T09:20:12Z,200
2025-04-22T09:32:55Z,200
2025-04-22T09:38:51Z,200
2025-04-22T09:45:16Z,200
2025-04-22T09:51:56Z,200
2025-04-22T09:55:50Z,200
2025-04-22T10:18:34Z,200
2025-04-22T10:22:20Z,200
2025-04-22T10:41:16Z,000Curl failed
2025-04-22T10:41:45Z,200
2025-04-22T10:52:35Z,200
2025-04-22T10:54:14Z,200
2025-04-22T11:12:20Z,000Curl failed
2025-04-22T11:18:50Z,200
2025-04-22T11:29:10Z,200
2025-04-22T11:33:44Z,200
2025-04-22T11:41:20Z,200
2025-04-22T11:46:45Z,200
2025-04-22T11:52:01Z,200
2025-04-22T11:59:31Z,200
2025-04-22T12:24:05Z,000Curl failed
2025-04-22T12:53:13Z,000Curl failed
2025-04-22T13:03:04Z,200
2025-04-22T13:29:33Z,200
2025-04-22T13:35:49Z,200
2025-04-22T13:47:29Z,200
2025-04-22T13:49:27Z,200
2025-04-22T13:59:58Z,200
2025-04-22T14:00:49Z,200
2025-04-22T14:27:39Z,200
2025-04-22T14:30:35Z,200
2025-04-22T14:45:53Z,000Curl failed
2025-04-22T14:47:28Z,200
2025-04-22T14:56:37Z,200
2025-04-22T15:00:29Z,200
2025-04-22T15:24:29Z,200
2025-04-22T15:29:11Z,200
2025-04-22T15:40:44Z,200
2025-04-22T15:45:18Z,200
2025-04-22T15:51:30Z,200
2025-04-22T15:58:17Z,200
2025-04-22T16:14:10Z,000Curl failed
2025-04-22T16:33:37Z,000Curl failed
2025-04-22T16:41:37Z,200
2025-04-22T16:52:07Z,200
2025-04-22T16:54:27Z,200
2025-04-22T17:16:03Z,200
2025-04-22T17:35:20Z,000Curl failed
2025-04-22T17:36:42Z,200
2025-04-22T17:46:05Z,200
2025-04-22T17:49:32Z,200
2025-04-22T17:56:50Z,200
2025-04-22T18:17:01Z,000Curl failed
2025-04-22T18:31:58Z,200
2025-04-22T18:43:48Z,200
2025-04-22T18:50:19Z,200
2025-04-22T18:56:50Z,200
2025-04-22T19:07:04Z,200
2025-04-22T19:21:16Z,200
2025-04-22T19:24:16Z,200
2025-04-22T19:36:01Z,200
2025-04-22T19:36:43Z,200
2025-04-22T19:47:33Z,200
2025-04-22T19:49:05Z,200
2025-04-22T19:58:08Z,200
2025-04-22T20:12:21Z,200
2025-04-22T20:28:08Z,200
2025-04-22T20:35:03Z,200
2025-04-22T20:43:25Z,200
2025-04-22T20:48:59Z,200
2025-04-22T20:54:01Z,200
2025-04-22T21:10:21Z,000Curl failed
2025-04-22T21:15:34Z,200
2025-04-22T21:30:09Z,200
2025-04-22T21:31:20Z,200
2025-04-22T21:42:20Z,200
2025-04-22T21:42:54Z,200
2025-04-22T21:53:14Z,200
2025-04-22T21:55:57Z,200
2025-04-22T22:13:58Z,000Curl failed
2025-04-22T22:25:18Z,200
2025-04-22T22:35:29Z,200
2025-04-22T22:43:26Z,200
2025-04-22T22:46:29Z,200
2025-04-22T22:56:15Z,200
2025-04-22T22:57:07Z,200
2025-04-22T23:21:40Z,200
2025-04-22T23:23:45Z,200
2025-04-22T23:36:24Z,200
2025-04-22T23:40:08Z,200
2025-04-22T23:46:58Z,200
2025-04-22T23:52:59Z,200
2025-04-22T23:57:40Z,200
2025-04-23T01:38:43Z,000Curl failed
2025-04-23T02:00:43Z,000Curl failed
2025-04-23T02:57:35Z,000Curl failed
2025-04-23T03:08:35Z,200
2025-04-23T03:39:14Z,000Curl failed
